id,created_at,hash,provider,job_id,price,size,title,image_url,description,address_full,link,numeric_price,numeric_size,price_per_sqm,numeric_rooms,year_built,last_refurbishment_year,condition,interior_quality,flat_type,street,zip_code,city,energy_class,heating_type,energy_source,service_charge,additional_purchase_costs,has_balcony,has_garden,has_kitchen,has_cellar,has_lift,is_barrier_free,price_indicator_percent,published_text,is_private,is_active,change_set
fB3nFf71o1cPcuin68xc2,1761155849084,1de87706170652d33d8326f6058c2353a574ab8e5354156f4aaafcc8acda5d4a,immowelt,r4BXx26X2u0mQlKhd0ZVG,439.000 € 3.281 €/m²,3 Zimmer·128 m²·1. Geschoss,"Neckargartach, Heilbronn / Neckargartach (74078)",https://mms.immowelt.de/e/8/3/6/e83612a4-80f5-499b-9b36-69a476811b68.jpg?ci_seal=39f911da1e26ede2cff3b93bd804eacceab8da0a&w=525&h=394,"Diese traumhafte 3-Zimmer-Wohnung begeistert durch ihre besondere Atmosphäre und das großzügige Raumgefühl. Durch die Dachgauben wirken alle Räume hell, offen und lichtdurchflutet. Die Wohnung befind...",NULL,https://www.immowelt.de/expose/86ea7252-1d6d-4fad-9307-45b6398dfd86?serp_view=list&search=distributionTypes%3DBuy%2CBuy_Auction%2CCompulsory_Auction%26estateTypes%3DApartment%26featuresIncluded%3DBalcony_Terrace%26locations%3DAD08DE5420%26yearOfConstructionMin%3D1985%26order%3DDateDesc#ln=classified_search_results&m=classified_search_results_classified_classified_detail_L,439000.0,128.0,3429.69,3.0,NULL,NULL,NULL,NULL,NULL,NULL,NULL,NULL,NULL,NULL,NULL,NULL,NULL,0,0,0,0,0,0,NULL,NULL,0,1,NULL
_CF5_j0yW7ZUE4r-GBh2z,1761155849085,aa07ce0e238977c40a855ab762b545f868e8b1e97a8442d4aae355218642de6f,immowelt,r4BXx26X2u0mQlKhd0ZVG,425.000 € 4.722 €/m²,"3,5 Zimmer·90 m²·1. Geschoss",Heilbronn (74074),https://mms.immowelt.de/0/d/d/0/0dd06781-6fac-4f66-bf22-4825508619f4.jpg?ci_seal=51ef4556bae057985ee5f261e106fec3dcd9215d&w=626&h=470,"Diese attraktive stylische 3,5-Zimmer-Wohnung in exponierter Wohnlage von Heilbronn-Ost nahe dem Pfühlpark besticht durch folgende Highlights: - offene Planung zwischen Küche, Essen und Wohnen schaff...",NULL,https://www.immowelt.de/expose/30793c92-7d76-4786-b5a0-b2f9be2f9cd8?serp_view=list&search=distributionTypes%3DBuy%2CBuy_Auction%2CCompulsory_Auction%26estateTypes%3DApartment%26featuresIncluded%3DBalcony_Terrace%26locations%3DAD08DE5420%26yearOfConstructionMin%3D1985%26order%3DDateDesc#ln=classified_search_results&m=classified_search_results_classified_classified_detail_XL,425000.0,90.0,4722.22,3.5,NULL,NULL,NULL,NULL,NULL,NULL,NULL,NULL,NULL,NULL,NULL,NULL,NULL,0,0,0,0,0,0,NULL,NULL,0,1,NULL
sd7f7JIsRVUeyfFJvuhm5,1761155849085,e28d4d95c1edf4d0889ae55d353ff2a969d642163e8b698ea67bf7c9ea2c5c90,immowelt,r4BXx26X2u0mQlKhd0ZVG,320.000 € 3.478 €/m²,3 Zimmer·92 m²·2. Geschoss·frei ab 01.05.2026,"Hohenloherstrasse 1, Horkheim, Heilbronn (74081)",https://mms.immowelt.de/b/c/4/f/bc4f5c77-4b79-4c89-8fef-b85c3f6f4897.jpg?ci_seal=761142dd673fa99fab72dcb471ae16b6ed40b05d&w=626&h=470,Treten Sie ein in ein lichtdurchflutetes Zuhause mit offenem Grundriss und wohnlichem Loft-Flair. Das großzügige Wohnzimmer mit Galerie vermittelt sofort ein Gefühl von Freiheit und Geborgenheit zugl...,NULL,https://www.immowelt.de/expose/d27ddfb9-795f-41bd-9b29-d31f0fe7813a?serp_view=list&search=distributionTypes%3DBuy%2CBuy_Auction%2CCompulsory_Auction%26estateTypes%3DApartment%26featuresIncluded%3DBalcony_Terrace%26locations%3DAD08DE5420%26yearOfConstructionMin%3D1985%26order%3DDateDesc#ln=classified_search_results&m=classified_search_results_classified_classified_detail_XL,320000.0,92.0,3478.26,3.0,NULL,NULL,NULL,NULL,NULL,NULL,NULL,NULL,NULL,NULL,NULL,NULL,NULL,0,0,0,0,0,0,NULL,NULL,0,1,NULL
AwHYCHbxNjseyugGUHCL0,1761155849085,0efcc9a5258de891d2447ba8ee4911fa1116bfac2bd3353550251640a629004d,immowelt,r4BXx26X2u0mQlKhd0ZVG,Preis auf Anfrage,"6,5 Zimmer·204,9 m²","Böckingen, Heilbronn (74080)",https://mms.immowelt.de/6/4/6/1/6461fb6c-848c-45f9-92b0-a35a31f7255e.jpg?ci_seal=44e8ad8ec8f58aedfcafa0655e2081d47f8746bc&w=626&h=470,Jetzt kaufen und Ende 2026 einziehen. Der Verkäufer wird in diesem Zeitraum zum Mieter! Diese besondere und pfiffig geschnittene Maisonette-Wohnung befindet sich im Dachgeschoss eines sehr gepflegten...,NULL,https://www.immowelt.de/expose/3049cf0e-5bb6-42e9-8f21-f5071362a3af?serp_view=list&search=distributionTypes%3DBuy%2CBuy_Auction%2CCompulsory_Auction%26estateTypes%3DApartment%26featuresIncluded%3DBalcony_Terrace%26locations%3DAD08DE5420%26yearOfConstructionMin%3D1985%26order%3DDateDesc#ln=classified_search_results&m=classified_search_results_classified_classified_detail_XL,NULL,204.9,NULL,6.5,NULL,NULL,NULL,NULL,NULL,NULL,NULL,NULL,NULL,NULL,NULL,NULL,NULL,0,0,0,0,0,0,NULL,NULL,0,1,NULL
d6cp4bs4o4Khi7Kv67k85,1761155849085,7a08d59efaeabc1e86bf3bcf347309077e92cf612cc176fb6a8b282ed823d4b1,immowelt,r4BXx26X2u0mQlKhd0ZVG,1.190.000 € 6.263 €/m²,4 Zimmer·190 m²·2. Geschoss,Heilbronn (74072),https://mms.immowelt.de/0/d/c/7/0dc7dcd2-3397-4ede-8cff-78d528f52726.jpg?ci_seal=b20ec6039d60a82f465f7ad18ee5d57ba2ce3ea5&w=525&h=394,"Zum Verkauf steht ein exklusives Penthouse in Heilbronn, das keine Wohnwünsche offenlässt. Die luxuriöse Wohnung, im Jahr 2015 in massiver Bauweise errichtet, präsentiert sich in einem neuwertigen Zu...",NULL,https://www.immowelt.de/expose/ee6da1a9-a8fc-4332-b2a0-93b1e3298cc4?serp_view=list&search=distributionTypes%3DBuy%2CBuy_Auction%2CCompulsory_Auction%26estateTypes%3DApartment%26featuresIncluded%3DBalcony_Terrace%26locations%3DAD08DE5420%26yearOfConstructionMin%3D1985%26order%3DDateDesc#ln=classified_search_results&m=classified_search_results_classified_classified_detail_M,1190000.0,190.0,6263.16,4.0,NULL,NULL,NULL,NULL,NULL,NULL,NULL,NULL,NULL,NULL,NULL,NULL,NULL,0,0,0,0,0,0,NULL,NULL,0,1,NULL
eycoBnbOF700MkoXsYLpO,1761155849085,3117400050c7e84ce16bb123941014a3ceeba29147ff79361193b79ec59a37f9,immowelt,r4BXx26X2u0mQlKhd0ZVG,334.900 € 4.180 €/m²,"3,5 Zimmer·80,1 m²·EG","Biberach, Heilbronn / Biberach (74078)",https://mms.immowelt.de/5/7/b/2/57b2a31a-d815-452f-af00-3ae9a5e577ad.jpg?ci_seal=e9ad495395c6c1dc8f19a4651e68fd44c367ba48&w=525&h=394,"Die hier zum Verkauf stehende praktisch geschnittene Erdgeschoss-Wohnung mit Garten befindet sich in einem gepflegten Mehrfamilienhaus, das im Jahr 2006 voll unterkellert und ausgestattet mit Tiefgar...",NULL,https://www.immowelt.de/expose/7a2d7c87-329c-4266-953c-1a70db328bcf?serp_view=list&search=distributionTypes%3DBuy%2CBuy_Auction%2CCompulsory_Auction%26estateTypes%3DApartment%26featuresIncluded%3DBalcony_Terrace%26locations%3DAD08DE5420%26yearOfConstructionMin%3D1985%26order%3DDateDesc#ln=classified_search_results&m=classified_search_results_classified_classified_detail_M,334900.0,80.1,4181.02,3.5,NULL,NULL,NULL,NULL,NULL,NULL,NULL,NULL,NULL,NULL,NULL,NULL,NULL,0,0,0,0,0,0,NULL,NULL,0,1,NULL
qMIwlBXW9ZfpVIRHqpLu0,1761155849085,cb287af3f51aa2c6bdbddb30c9b76be6653e13a27a29cc89a9f1ad975aa07745,immowelt,r4BXx26X2u0mQlKhd0ZVG,289.000 € 3.568 €/m²,3 Zimmer·81 m²·2. Geschoss,"Frankenbach, Heilbronn (74078)",https://mms.immowelt.de/1/b/f/8/1bf82d8e-c1c9-44b8-b468-d044441774f0.jpg?ci_seal=63475b3b999a88c16618c4be50a4fb4486867f33&w=626&h=470,"Diese charmante und zeitgemäß ausgestattete 3-Zimmer-Wohnung im 2. Obergeschoss bietet mit ca. 81m² Wohnfläche den perfekten Rückzugsort für Paare, kleine Familien oder anspruchsvolle Singles. Die Wo...",NULL,https://www.immowelt.de/expose/6ed30f2a-1b9b-4456-9d6c-6f505715a65b?serp_view=list&search=distributionTypes%3DBuy%2CBuy_Auction%2CCompulsory_Auction%26estateTypes%3DApartment%26featuresIncluded%3DBalcony_Terrace%26locations%3DAD08DE5420%26yearOfConstructionMin%3D1985%26order%3DDateDesc#ln=classified_search_results&m=classified_search_results_classified_classified_detail_XL,289000.0,81.0,3567.9,3.0,NULL,NULL,NULL,NULL,NULL,NULL,NULL,NULL,NULL,NULL,NULL,NULL,NULL,0,0,0,0,0,0,NULL,NULL,0,1,NULL
E7w-n9-7p53PdFofUI5mM,1761155849085,d884a6b72d3213dfcf388881119d1ac4d257e6cf962d091732d8157199fa1360,immowelt,r4BXx26X2u0mQlKhd0ZVG,249.000 € 3.458 €/m²,3 Zimmer·72 m²·1. Geschoss·frei ab 01.07.2026,"Biberach, Heilbronn / Biberach (74078)",https://mms.immowelt.de/8/c/e/5/8ce5cdbf-9c73-4b56-a662-187b2dca6f0e.jpg?ci_seal=44cb2bc7008abc925590729cffde1328af3423f5&w=525&h=394,"""In Zeiten des Wandels ist der Immobilienbesitz die stabilste Anlage."" - Franklin Raines Top gepflegte 3-Zimmer-Wohnung mit Balkon in zentraler Lage Diese attraktive Hochpaterre Wohnung im 1. Oberges...",NULL,https://www.immowelt.de/expose/c427e512-aefa-4ab7-8206-1415ce045ea8?serp_view=list&search=distributionTypes%3DBuy%2CBuy_Auction%2CCompulsory_Auction%26estateTypes%3DApartment%26featuresIncluded%3DBalcony_Terrace%26locations%3DAD08DE5420%26yearOfConstructionMin%3D1985%26order%3DDateDesc#ln=classified_search_results&m=classified_search_results_classified_classified_detail_L,249000.0,72.0,3458.33,3.0,NULL,NULL,NULL,NULL,NULL,NULL,NULL,NULL,NULL,NULL,NULL,NULL,NULL,0,0,0,0,0,0,NULL,NULL,0,1,NULL
CCmOlN6eYcbhX_5yQMqmi,1761155849085,21c155195e13bb993d445187f18f6114330e37c493fcc50d05dc6cd960c4beca,immowelt,r4BXx26X2u0mQlKhd0ZVG,690.000 € 5.476 €/m²,4 Zimmer·126 m²,Heilbronn (74074),https://mms.immowelt.de/e/c/3/2/ec328bb4-174b-4fa4-a0d8-78d4fb371283.jpg?ci_seal=92ddccea6b4cfad0b5222b67a4b4fb814ef08850&w=626&h=470,"Willkommen in Ihrem neuen Zuhause! Dieses beeindruckende Penthouse am ""Lerchenberg"" im Heilbronner Osten bietet Ihnen nicht nur einen beeindruckenden und ungestörten Ausblick, sondern auch eine Vielz...",NULL,https://www.immowelt.de/expose/96dcd464-2b10-41fb-b7dd-d42855149bf5?serp_view=list&search=distributionTypes%3DBuy%2CBuy_Auction%2CCompulsory_Auction%26estateTypes%3DApartment%26featuresIncluded%3DBalcony_Terrace%26locations%3DAD08DE5420%26yearOfConstructionMin%3D1985%26order%3DDateDesc#ln=classified_search_results&m=classified_search_results_classified_classified_detail_XL,690000.0,126.0,5476.19,4.0,NULL,NULL,NULL,NULL,NULL,NULL,NULL,NULL,NULL,NULL,NULL,NULL,NULL,0,0,0,0,0,0,NULL,NULL,0,1,NULL
Gm7CuIlcHQ3j6fPNWIm2g,1761155849085,4c4cdb5c358c990f21674dbd9545c3a852ff74faf7e5b28dc03c158309188e9d,immowelt,r4BXx26X2u0mQlKhd0ZVG,549.000 € 4.692 €/m²,4 Zimmer·117 m²·3. Geschoss,Heilbronn (74072),https://mms.immowelt.de/3/0/7/5/30753d96-7e9c-414e-a922-ce933cf26804.jpg?ci_seal=09610e004ea164efa78d2eeade66e746e2313795&w=525&h=394,"""Immobilien sind wie Menschen - sie neigen dazu, mit der Zeit an Wert zu gewinnen."" - John Paulson Diese Wohnung ist ein echtes Zuhause - modern, gut durchdacht und in zentraler Lage mit viel Lebensq...",NULL,https://www.immowelt.de/expose/816e5246-0f80-4666-8543-6def266c3d3b?serp_view=list&search=distributionTypes%3DBuy%2CBuy_Auction%2CCompulsory_Auction%26estateTypes%3DApartment%26featuresIncluded%3DBalcony_Terrace%26locations%3DAD08DE5420%26yearOfConstructionMin%3D1985%26order%3DDateDesc#ln=classified_search_results&m=classified_search_results_classified_classified_detail_L,549000.0,117.0,4692.31,4.0,NULL,NULL,NULL,NULL,NULL,NULL,NULL,NULL,NULL,NULL,NULL,NULL,NULL,0,0,0,0,0,0,NULL,NULL,0,1,NULL
lPg0dmhT2MjtzSTimUktc,1761155849085,1773b7fd58e56efde96ef0e43833f422af165c52eea2a579f32f010ac122513a,immowelt,r4BXx26X2u0mQlKhd0ZVG,395.000 € 3.601 €/m²,"3,5 Zimmer·109,7 m²·3. Geschoss","Frankfurter Straße 13, Heilbronn (74072)",https://mms.immowelt.de/1/c/e/1/1ce1c8a8-9c33-4813-9a41-b0b67a859c25.jpg?ci_seal=bd816760605246924e0728089cb139602d2b6a72&w=626&h=470,"Diese großzügige Maisonette-Wohnung in Heilbronn vereint urbanes Lebensgefühl mit außergewöhnlicher Ruhe und bietet ein einzigartiges Wohnambiente über zwei Ebenen. Ideal für Paare, Singles mit Platz...",NULL,https://www.immowelt.de/expose/53725f44-b365-408f-9e44-4c3e09568870?serp_view=list&search=distributionTypes%3DBuy%2CBuy_Auction%2CCompulsory_Auction%26estateTypes%3DApartment%26featuresIncluded%3DBalcony_Terrace%26locations%3DAD08DE5420%26yearOfConstructionMin%3D1985%26order%3DDateDesc#ln=classified_search_results&m=classified_search_results_classified_classified_detail_XL,395000.0,109.7,3600.73,3.5,NULL,NULL,NULL,NULL,NULL,NULL,NULL,NULL,NULL,NULL,NULL,NULL,NULL,0,0,0,0,0,0,NULL,NULL,0,1,NULL
2CKAg1RBWlWhhwqjvLQEe,1761155849086,62cda205c37493ca7c4e7f0097a17cfdd267c0a9712dc3bffd0945e8783a33de,immowelt,r4BXx26X2u0mQlKhd0ZVG,689.000 € 4.445 €/m²,"4,5 Zimmer·155 m²·3. Geschoss",Heilbronn (74074),https://mms.immowelt.de/c/0/a/8/c0a85456-9263-44df-b7d9-acb602eae166.jpg?ci_seal=3e45cecbdd32ccb7cbccfc3894d5cac2db8004d6&w=626&h=470,"Herzlich willkommen im PENTHOUSE H in Heilbronn: Ein exklusives Penthouse in der Stadt Heilbronn ist ab sofort zum Kauf verfügbar. Dieses gepflegte Penthouse mit Loft-Charakter, erbaut im Jahr 2000, ...",NULL,https://www.immowelt.de/expose/07cba736-8f25-43fa-9448-ff407db1bc5b?serp_view=list&search=distributionTypes%3DBuy%2CBuy_Auction%2CCompulsory_Auction%26estateTypes%3DApartment%26featuresIncluded%3DBalcony_Terrace%26locations%3DAD08DE5420%26yearOfConstructionMin%3D1985%26order%3DDateDesc#ln=classified_search_results&m=classified_search_results_classified_classified_detail_XL,689000.0,155.0,4445.16,4.5,NULL,NULL,NULL,NULL,NULL,NULL,NULL,NULL,NULL,NULL,NULL,NULL,NULL,0,0,0,0,0,0,NULL,NULL,0,1,NULL
ZEUdWf2bYBs6bIHipSy-k,1761155849086,c783165cfe871a2d0bf6bead2b84d85902512c5bffc7e764ecf5be264381b5e2,immowelt,r4BXx26X2u0mQlKhd0ZVG,290.000 € 4.028 €/m²,"3 Zimmer·70,7 m²·2. Geschoss",Heilbronn (74074),https://mms.immowelt.de/6/2/c/2/62c222c8-e28e-4378-9a2b-cb1281623673.jpg?ci_seal=bfd804dd3ab300ffdbd05e30841e926606c7fa4f&w=626&h=470,"In Heilbronn werden Ihre Wohnträume wahr Herr Andreas Franzke von FALC Immobilien Heilbronn lädt Sie ein, diese moderne 3-Zimmer-Wohnung im 2. Obergeschoss eines gepflegten 3-Familienhauses aus dem J...",NULL,https://www.immowelt.de/expose/876f0c75-7d25-41a2-8882-a863e062207c?serp_view=list&search=distributionTypes%3DBuy%2CBuy_Auction%2CCompulsory_Auction%26estateTypes%3DApartment%26featuresIncluded%3DBalcony_Terrace%26locations%3DAD08DE5420%26yearOfConstructionMin%3D1985%26order%3DDateDesc#ln=classified_search_results&m=classified_search_results_classified_classified_detail_XL,290000.0,70.7,4101.84,3.0,NULL,NULL,NULL,NULL,NULL,NULL,NULL,NULL,NULL,NULL,NULL,NULL,NULL,0,0,0,0,0,0,NULL,NULL,0,1,NULL
c4jb0RKxdZqgKKRok45IW,1761155849086,426031e77c191e547f97a3cdc3b4b9508b5e964daaf5b1362e73a23a06e5d94a,immowelt,r4BXx26X2u0mQlKhd0ZVG,480.000 € 4.752 €/m²,3 Zimmer·101 m²·3. Geschoss,Heilbronn (74074),https://mms.immowelt.de/1/b/4/6/1b46f270-d28a-4ef0-b188-854ef24e71b7.jpg?ci_seal=c3d4f1abfb51e2f38207285bb5d4bce39f94e76c&w=626&h=470,"Zum Verkauf steht eine attraktive, gepflegte Maisonettewohnung mit einer Grundfläche von 132m² und einer Wohnfläche von ca. 101 m² im beliebten Stadtteil Heilbronn Ost. Das Gebäude gehört zu einer Ei...",NULL,https://www.immowelt.de/expose/1b9f2741-6b05-47d4-8dee-d5d8f06da485?serp_view=list&search=distributionTypes%3DBuy%2CBuy_Auction%2CCompulsory_Auction%26estateTypes%3DApartment%26featuresIncluded%3DBalcony_Terrace%26locations%3DAD08DE5420%26yearOfConstructionMin%3D1985%26order%3DDateDesc#ln=classified_search_results&m=classified_search_results_classified_classified_detail_XL,480000.0,101.0,4752.48,3.0,NULL,NULL,NULL,NULL,NULL,NULL,NULL,NULL,NULL,NULL,NULL,NULL,NULL,0,0,0,0,0,0,NULL,NULL,0,1,NULL
OCH4ac9PvQ3pnfx4byfeK,1761155849086,068c97db07246247a11bb7f6b79699b502c0fc9c9eae8beec16f0ddbdbc8fd6c,immowelt,r4BXx26X2u0mQlKhd0ZVG,209.000 € 3.520 €/m²,"3 Zimmer·59,4 m²·2. Geschoss","Neckargartach, Heilbronn (74078)",https://mms.immowelt.de/1/d/e/6/1de6f9af-cdc2-4901-ab01-ee96d9be1325.jpg?ci_seal=c4921bb210483dc41211548b84eb4d1ab58e102c&w=626&h=470,NULL,NULL,https://www.immowelt.de/expose/d1454f0c-5acd-4c9d-b4f1-be368e50f4be?serp_view=list&search=distributionTypes%3DBuy%2CBuy_Auction%2CCompulsory_Auction%26estateTypes%3DApartment%26featuresIncluded%3DBalcony_Terrace%26locations%3DAD08DE5420%26yearOfConstructionMin%3D1985%26order%3DDateDesc#ln=classified_search_results&m=classified_search_results_classified_classified_detail_XL,209000.0,59.4,3518.52,3.0,NULL,NULL,NULL,NULL,NULL,NULL,NULL,NULL,NULL,NULL,NULL,NULL,NULL,0,0,0,0,0,0,NULL,NULL,0,1,NULL
8szWkv44u7z_9kAAQfopB,1761155849086,db46eb1d85ff614b0805858b35c91765ed39985a5582dc6e4f21a5e9e0543fd2,immowelt,r4BXx26X2u0mQlKhd0ZVG,530.000 € 4.530 €/m²,3 Zimmer·117 m²,Heilbronn (74074),https://mms.immowelt.de/8/7/3/9/87397a4c-09a9-412d-a54f-21c693b63f0b.jpg?ci_seal=f2e36e4640f07275cf3e67c1873c30727916527f&w=626&h=470,"Auf beeindruckenden ca. 117 qm Wohnfläche entfaltet sich ein durchdachtes Raumkonzept mit viel Platz zum Leben, Durchatmen und Erholen vom Alltag. Diese helle, großzügige 3 Zimmer-Wohnung befindet si...",NULL,https://www.immowelt.de/expose/bcd1741e-bd6d-4d2f-9dce-87fdc6906b0b?serp_view=list&search=distributionTypes%3DBuy%2CBuy_Auction%2CCompulsory_Auction%26estateTypes%3DApartment%26featuresIncluded%3DBalcony_Terrace%26locations%3DAD08DE5420%26yearOfConstructionMin%3D1985%26order%3DDateDesc#ln=classified_search_results&m=classified_search_results_classified_classified_detail_XL,530000.0,117.0,4529.91,3.0,NULL,NULL,NULL,NULL,NULL,NULL,NULL,NULL,NULL,NULL,NULL,NULL,NULL,0,0,0,0,0,0,NULL,NULL,0,1,NULL
6CW0R7IABkslIN6XhI2P_,1761155849086,3d5c10e292a8725a72d7cbf3fdb92ef0b0145442e6147929f392628d6dbf6200,immowelt,r4BXx26X2u0mQlKhd0ZVG,219.000 € 3.451 €/m²,"2 Zimmer·63,5 m²·2. Geschoss",Heilbronn (74074),https://mms.immowelt.de/0/1/a/a/01aaae00-16af-4b76-ad87-ce98cf685303.jpg?ci_seal=cd264c36b42301403a554fb91f47182da7ff4fb9&w=525&h=394,"Kapitalanleger aufgepasst! Diese 2-Zimmerwohnung befindet sich im zweiten Obergeschoss eines gepflegten Mehrfamilienhauses, welches 1992 erbaut wurde. Die Wohnung ist seit Mai 2018 ungekündigt vermie...",NULL,https://www.immowelt.de/expose/05927521-14f8-43ca-be77-f24afc1f193e?serp_view=list&search=distributionTypes%3DBuy%2CBuy_Auction%2CCompulsory_Auction%26estateTypes%3DApartment%26featuresIncluded%3DBalcony_Terrace%26locations%3DAD08DE5420%26yearOfConstructionMin%3D1985%26order%3DDateDesc#ln=classified_search_results&m=classified_search_results_classified_classified_detail_M,219000.0,63.5,3448.82,2.0,NULL,NULL,NULL,NULL,NULL,NULL,NULL,NULL,NULL,NULL,NULL,NULL,NULL,0,0,0,0,0,0,NULL,NULL,0,1,NULL
NDZwr-sMI07bHcGSt41kn,1761155849086,ca1315eb6ad38e1769411632e47628e76ba88a4e1527a03b1cd608273e52ac8d,immowelt,r4BXx26X2u0mQlKhd0ZVG,789.000 € 5.441 €/m²,"3,5 Zimmer·145 m²·3. Geschoss",Heilbronn (74074),https://mms.immowelt.de/6/a/6/3/6a63f970-9e9b-4ace-a113-56c15757bc06.jpg?ci_seal=43a026f8beff31c954ca1c6185acd3fe3ff1ff7e&w=626&h=470,Residieren Sie über den Dächern von Heilbronn-Ost in Ihrem eigenen Penthouse ~ Jetzt den virtuellen 360°-Grad-Rundgang anfordern. Willkommen in Heilbronn-Ost: Ein exklusives Penthouse in der gefragte...,NULL,https://www.immowelt.de/expose/9e6bea67-be4f-4b69-be31-750fc0902c35?serp_view=list&search=distributionTypes%3DBuy%2CBuy_Auction%2CCompulsory_Auction%26estateTypes%3DApartment%26featuresIncluded%3DBalcony_Terrace%26locations%3DAD08DE5420%26yearOfConstructionMin%3D1985%26order%3DDateDesc#ln=classified_search_results&m=classified_search_results_classified_classified_detail_XL,789000.0,145.0,5441.38,3.5,NULL,NULL,NULL,NULL,NULL,NULL,NULL,NULL,NULL,NULL,NULL,NULL,NULL,0,0,0,0,0,0,NULL,NULL,0,1,NULL
tyWUxythpGPtk8gJlumrZ,1761155849086,f6d7a96a1904635f7f2e5d311199ccca38a3918cc58ca623e0a5c0263388e241,immowelt,r4BXx26X2u0mQlKhd0ZVG,329.000 € 3.871 €/m²,2 Zimmer·85 m²·EG,Heilbronn (74076),https://mms.immowelt.de/7/b/c/d/7bcda3fb-091e-48dd-870e-ed71d2925827.jpg?ci_seal=2553b5a7d8fbf3ca50aed99a6aca7efedcebba3e&w=626&h=470,NULL,NULL,https://www.immowelt.de/expose/82053186-7613-451e-a976-02a5b3b613aa?serp_view=list&search=distributionTypes%3DBuy%2CBuy_Auction%2CCompulsory_Auction%26estateTypes%3DApartment%26featuresIncluded%3DBalcony_Terrace%26locations%3DAD08DE5420%26yearOfConstructionMin%3D1985%26order%3DDateDesc#ln=classified_search_results&m=classified_search_results_classified_classified_detail_XL,329000.0,85.0,3870.59,2.0,NULL,NULL,NULL,NULL,NULL,NULL,NULL,NULL,NULL,NULL,NULL,NULL,NULL,0,0,0,0,0,0,NULL,NULL,0,1,NULL
2lnlh6IPTuY_h-9ycCGQz,1761155849086,0e494131e1c6e1c72de857c19c0332a5493ed03108b4155801a3e494a99d00f0,immowelt,r4BXx26X2u0mQlKhd0ZVG,525.000 € 5.707 €/m²,3 Zimmer·92 m²·2. Geschoss,Heilbronn (74074),https://mms.immowelt.de/b/9/0/e/b90e7a6f-1dc0-4c6c-badc-284f0d575adf.jpg?ci_seal=7e2907c6037c8a7ca7a982ef46514a162add7624&w=626&h=470,"Willkommen in Ihrem neuen Zuhause! Diese lichtdurchflutete 3-Zimmer-Wohnung mit ca. 92m² Wohnfläche befindet sich in einem gepflegten Mehrfamilienhaus aus dem Baujahr 2011. Die moderne Ausstattung, z...",NULL,https://www.immowelt.de/expose/1ab9223f-087f-46e0-9309-d158e1798d43?serp_view=list&search=distributionTypes%3DBuy%2CBuy_Auction%2CCompulsory_Auction%26estateTypes%3DApartment%26featuresIncluded%3DBalcony_Terrace%26locations%3DAD08DE5420%26yearOfConstructionMin%3D1985%26order%3DDateDesc#ln=classified_search_results&m=classified_search_results_classified_classified_detail_XL,525000.0,92.0,5706.52,3.0,NULL,NULL,NULL,NULL,NULL,NULL,NULL,NULL,NULL,NULL,NULL,NULL,NULL,0,0,0,0,0,0,NULL,NULL,0,1,NULL
ayJfo2BZDlgqFqy8HnU98,1761155849086,f4d3125644251093a1bd62a45e2b4a5bea3fd22af63ceaa5f72fb05b4c7695cc,immowelt,r4BXx26X2u0mQlKhd0ZVG,289.000 € 2.726 €/m²,4 Zimmer·106 m²·1. Geschoss,Heilbronn / Kirchhausen (74078),https://mms.immowelt.de/3/b/9/1/3b91ae01-8b08-440b-bd6e-3b1cc8eb609e.jpg?ci_seal=89eb232fa3c28900e11b4f5a0f2e7fd14ea80406&w=525&h=394,"Diese großzügige 4-Zimmer-Wohnung im Hochparterre eines massiv gebauten Dreifamilienhauses überzeugt durch eine Wohnfläche von ca. 106?m², eine durchdachte Raumaufteilung und hervorragende Vermietbar...",NULL,https://www.immowelt.de/expose/1b515e75-a531-4697-8a4e-9252ef87709d?serp_view=list&search=distributionTypes%3DBuy%2CBuy_Auction%2CCompulsory_Auction%26estateTypes%3DApartment%26featuresIncluded%3DBalcony_Terrace%26locations%3DAD08DE5420%26yearOfConstructionMin%3D1985%26order%3DDateDesc#ln=classified_search_results&m=classified_search_results_classified_classified_detail_M,289000.0,106.0,2726.42,4.0,NULL,NULL,NULL,NULL,NULL,NULL,NULL,NULL,NULL,NULL,NULL,NULL,NULL,0,0,0,0,0,0,NULL,NULL,0,1,NULL
ZHQT4i-NtiRGKu1-qV87k,1761155849086,1f3b926b8c47c7ea70c17138befe7a6b855bf3f629a8ac4a19287461756422e5,immowelt,r4BXx26X2u0mQlKhd0ZVG,385.000 € 4.721 €/m²,"2 Zimmer·81,6 m²·EG",Heilbronn (74076),https://mms.immowelt.de/5/a/c/c/5acc2832-bed5-4352-934f-469778366ccf.jpg?ci_seal=77ae208033cdebd3aae3235d3bd3332900febcd8&w=525&h=394,Lichtdurchflutete 2-Zimmer-Wohnung mit Süd-/West-Terrasse Diese gepflegte und lichtdurchflutete Terrassenwohnung bietet rund 82 m² Wohnfläche und überzeugt mit einer optimalen Raumaufteilung. Das im ...,NULL,https://www.immowelt.de/expose/f56c4f4b-1f61-473c-893b-87088acadb4d?serp_view=list&search=distributionTypes%3DBuy%2CBuy_Auction%2CCompulsory_Auction%26estateTypes%3DApartment%26featuresIncluded%3DBalcony_Terrace%26locations%3DAD08DE5420%26yearOfConstructionMin%3D1985%26order%3DDateDesc#ln=classified_search_results&m=classified_search_results_classified_classified_detail_M,385000.0,81.6,4718.14,2.0,NULL,NULL,NULL,NULL,NULL,NULL,NULL,NULL,NULL,NULL,NULL,NULL,NULL,0,0,0,0,0,0,NULL,NULL,0,1,NULL
DxfPLY-g9n3BDOE6m9IdR,1761155849086,0816520e5df930fa0c6d67aa1cd49eec2ca3c46a5a7a88c2b92d28d122375d32,immowelt,r4BXx26X2u0mQlKhd0ZVG,235.000 € 3.917 €/m²,2 Zimmer·60 m²·1. Geschoss,"Herbststr. 5, Heilbronn (74072)",https://mms.immowelt.de/8/6/4/f/864f3cd0-ca02-4ad2-9be8-13283baff592.jpg?ci_seal=0d3561913a360b87d29f099f7cd19ccb80da52ff&w=525&h=394,"Sie suchen eine Top vermietete 2 Zimmer-Wohnung mitten in der Stadt? Dann haben wir das Richtige für SIE! In zentraler Lage, direkt am Bismarckpark befindet sich die hier angebotene Wohnung im 1. OG....",NULL,https://www.immowelt.de/expose/5cd48a62-9e42-49b8-8379-a7a7157d80d5?serp_view=list&search=distributionTypes%3DBuy%2CBuy_Auction%2CCompulsory_Auction%26estateTypes%3DApartment%26featuresIncluded%3DBalcony_Terrace%26locations%3DAD08DE5420%26yearOfConstructionMin%3D1985%26order%3DDateDesc#ln=classified_search_results&m=classified_search_results_classified_classified_detail_L,235000.0,60.0,3916.67,2.0,NULL,NULL,NULL,NULL,NULL,NULL,NULL,NULL,NULL,NULL,NULL,NULL,NULL,0,0,0,0,0,0,NULL,NULL,0,1,NULL
BMq3wr7gJNJgzZzKAkTBW,1761155849086,0dad6cf7f0346ac2073c26f24a93af255d108d433263adbea5757fc31bcafa16,immowelt,r4BXx26X2u0mQlKhd0ZVG,299.000 € 2.821 €/m²,4 Zimmer·106 m²,Heilbronn (74078),https://mms.immowelt.de/2/a/b/d/2abd92f4-f809-4b30-847e-c8db7c31b3b3.jpg?ci_seal=b1eeb65524d7bba1bdd69d9d7f4fb42d2aa98345&w=525&h=394,"Diese großzügige 4-Zimmer-Wohnung im Hochparterre eines massiv gebauten Dreiparteienhauses überzeugt mit ca. 106 m² Wohnfläche und einer durchdachten Raumaufteilung. Helle, freundliche Wohnräume scha...",NULL,https://www.immowelt.de/expose/26cea80f-9578-48d3-9fbb-a34a155215db?serp_view=list&search=distributionTypes%3DBuy%2CBuy_Auction%2CCompulsory_Auction%26estateTypes%3DApartment%26featuresIncluded%3DBalcony_Terrace%26locations%3DAD08DE5420%26yearOfConstructionMin%3D1985%26order%3DDateDesc#ln=classified_search_results&m=classified_search_results_classified_classified_detail_M,299000.0,106.0,2820.75,4.0,NULL,NULL,NULL,NULL,NULL,NULL,NULL,NULL,NULL,NULL,NULL,NULL,NULL,0,0,0,0,0,0,NULL,NULL,0,1,NULL
a3-R0etcBWmv-7nvDzrqV,1761155849086,8f22b17ccfc71168aed5d39588fd15eb239a20e958fe67ab65929983f28ea511,immowelt,r4BXx26X2u0mQlKhd0ZVG,225.000 € 3.629 €/m²,"2,5 Zimmer·62 m²·EG",Heilbronn (74076),https://mms.immowelt.de/2/c/6/e/2c6e04f0-9f9e-4f5b-9d27-454790fe4561.jpg?ci_seal=c98f6d47a10b08420e98c88ed6dc2e64d4a034f8&w=626&h=470,"Objektnr: 1063771 In Heilbronn, beschaulich und sicher in einer Nebenstraße, präsentiert sich diese Immobilie als ideale Wahl für sowohl Kapitalanleger als auch Eigennutzer. Die innenstadtnahe Lage b...",NULL,https://www.immowelt.de/expose/c4f33f74-cd11-464d-92b1-a879ac03c5a0?serp_view=list&search=distributionTypes%3DBuy%2CBuy_Auction%2CCompulsory_Auction%26estateTypes%3DApartment%26featuresIncluded%3DBalcony_Terrace%26locations%3DAD08DE5420%26yearOfConstructionMin%3D1985%26order%3DDateDesc#ln=classified_search_results&m=classified_search_results_classified_classified_detail_XL,225000.0,62.0,3629.03,2.5,NULL,NULL,NULL,NULL,NULL,NULL,NULL,NULL,NULL,NULL,NULL,NULL,NULL,0,0,0,0,0,0,NULL,NULL,0,1,NULL
lIqaotYmcpxUjUpv5Zanw,1761155849086,911e327351650482356cb7091809a11a145c092cda48c6560d938f425c234389,immowelt,r4BXx26X2u0mQlKhd0ZVG,350.000 € 3.933 €/m²,2 Zimmer·89 m²·frei ab sofort,Heilbronn (74072),https://mms.immowelt.de/b/1/8/4/b184fc23-abef-4d33-9264-65caf6643929.png?ci_seal=de40876353d22fddcef8b9495916a883f3edcaa2&w=525&h=394,Wir sind Deutschlands führender Berater und Vermittler im Bereich Pflegeimmobilien als Kapitalanlage und bieten privaten Investoren somit die sicherste und passivste Anlageform. Ihre Vorteile auf ein...,NULL,https://www.immowelt.de/expose/349ab0df-fb1a-4a9d-809b-35358e80e21f?serp_view=list&search=distributionTypes%3DBuy%2CBuy_Auction%2CCompulsory_Auction%26estateTypes%3DApartment%26featuresIncluded%3DBalcony_Terrace%26locations%3DAD08DE5420%26yearOfConstructionMin%3D1985%26order%3DDateDesc#ln=classified_search_results&m=classified_search_results_classified_classified_detail_M,350000.0,89.0,3932.58,2.0,NULL,NULL,NULL,NULL,NULL,NULL,NULL,NULL,NULL,NULL,NULL,NULL,NULL,0,0,0,0,0,0,NULL,NULL,0,1,NULL
YbwVRaecAkw5mCJN2hnGa,1761155996882,3c8957d311b2f953167d7ead48b471220ad42a011ed096173602fd7c738aa5da,immoscout,Azq45Wjpu4_oVRN8tTeXa,385.000 €,120 m² m²,"4,5-Zimmer-Wohnung mit Loggia und Doppelgarage",https://pictures.immobilienscout24.de/listings/697ed6f2-1413-4c67-a128-31aa9ca8da83-1950120583.jpg/ORIG/resize/800x600>/format/webp/quality/20,NULL,"74081 Heilbronn, Sontheim (unvollständige Adresse)",https://www.immobilienscout24.de/expose/162352957,385000.0,120.0,3208.33,4.5,2011,NULL,no_information,no_information,Etagenwohnung,no information,74081,Heilbronn,E,Zentralheizung,Gas,140.0,42985.0,0,0,1,1,0,0,0.01,vor einem Tag,0,1,NULL
nWaaMYQJvAgVST88QSv8R,1761155996883,b2721b1ee606f6ff7b61ad03b0e77bbd80178e25de09a51c1360a6d3bb962e2d,immoscout,Azq45Wjpu4_oVRN8tTeXa,789.000 €,140 m² m²,Heilbronn Stadtbusbereich -cooler Bauplatz tolles Haus,https://pictures.immobilienscout24.de/listings/e77c0f87-9429-42b7-8828-13121c30d1f4-1949718682.jpg/ORIG/resize/800x600>/format/webp/quality/20,NULL,"74078 Heilbronn, Neckargartach (unvollständige Adresse)",https://www.immobilienscout24.de/expose/162328133,789000.0,140.0,5635.71,5.0,NULL,NULL,Erstbezug,Gehoben,no_information,no information,74078,Heilbronn,NULL,Wärmepumpe,NULL,NULL,92786.0,0,0,0,0,0,0,0.57,vor 2 Tagen,0,1,NULL
CCoP8Mt7tFvdVa9GzLXZb,1761155996883,490195e895eb8baebab5dea2cb094ecbd2512f97ba647de8ac4540ea186d9b0f,immoscout,Azq45Wjpu4_oVRN8tTeXa,455.900 €,62 m² m²,Moderne 3-Zimmer-Wohnung mit Loggia und Balkon,https://pictures.immobilienscout24.de/listings/b52216b5-4e99-4a99-b750-f6a8f72fa724-1948389114.jpg/ORIG/resize/800x600>/format/webp/quality/20,NULL,"Frei-Otto-Straße 14, 74076 Heilbronn, Heilbronner Kernstadt",https://www.immobilienscout24.de/expose/162241083,455900.0,62.0,7353.23,3.0,2024,NULL,Erstbezug,Gehoben,Etagenwohnung,Frei-Otto-Straße,74076,Heilbronn,B,Fernwärme,Nahwärme,NULL,31913.0,1,0,0,1,1,0,0.58,vor 7 Tagen,0,1,NULL
Wqeo8W7kvufU2x84JIIpo,1761155996883,1ecd9b960b7bec38012d11d41daecbf49e83360746f0ad650c2582e14bcaf90a,immoscout,Azq45Wjpu4_oVRN8tTeXa,439.000 €,128 m² m²,"Exklusive 3-Zimmer-Architektenwohnung mit zwei Balkonen, Kaminofen und moderner Einbauküche",https://pictures.immobilienscout24.de/listings/72097dbf-15ec-4c5c-a63e-3aa619e8155f-1948316349.jpg/ORIG/resize/800x600>/format/webp/quality/20,NULL,"74078 Heilbronn, Neckargartach (unvollständige Adresse)",https://www.immobilienscout24.de/expose/162238267,439000.0,128.0,3429.69,3.0,1993,2019,Gepflegt,no_information,Dachgeschoss,no information,74078,Heilbronn,D,Etagenheizung,Gas,NULL,46402.0,1,1,1,1,0,0,0.46,vor 7 Tagen,0,1,NULL
gaiB_HxLNSEW7wJibdh7s,1761155996883,c963c8ebb01b0c5b0350e3af9a73216d17fa6bd02cc35d6b72110f672b1cce2e,immoscout,Azq45Wjpu4_oVRN8tTeXa,Auf Anfrage,64 m² m²,Otthello - Wohnen am Theater Heilbronn,https://pictures.immobilienscout24.de/listings/95fe3a7c-90f8-4f0a-a2bd-63d6eb48dee8-1871312102.jpg/ORIG/resize/800x600>/format/webp/quality/20,NULL,"Allee 82, 74072 Heilbronn, Heilbronner Kernstadt",https://www.immobilienscout24.de/expose/132333774,NULL,64.0,NULL,2.0,2024,NULL,Erstbezug,Gehoben,Etagenwohnung,Allee,74072,Heilbronn,NULL,Fernwärme,Fernwärme,NULL,NULL,0,0,1,0,1,1,NULL,vor 8 Tagen,0,1,NULL
xJ_971suupbZ3eO0Vg9Gy,1761155996883,b5b861463dac28f2e5e4b98c6b7641834eeba96930328158feb5f27967e19b1d,immoscout,Azq45Wjpu4_oVRN8tTeXa,425.000 €,90 m² m²,!! Eleganz trifft Stil und Komfort !!,https://pictures.immobilienscout24.de/listings/cbdac54f-4559-46db-8e7c-396eb0f9c965-1949383453.jpg/ORIG/resize/800x600>/format/webp/quality/20,NULL,"74074 Heilbronn, Heilbronner Kernstadt (unvollständige Adresse)",https://www.immobilienscout24.de/expose/162161240,425000.0,90.0,4722.22,3.5,2009,2024,Neuwertig,Gehoben,Etagenwohnung,no information,74074,Heilbronn,D,Fußbodenheizung,Gas,400.0,44923.0,1,0,1,1,1,1,0.25,vor 12 Tagen,0,1,NULL
ZGc5E0of1turc2C7AM-kY,1761155996883,718d65263cbeec04b38c199fc3967eab2216cde03820d06d8924aead84fc99d8,immoscout,Azq45Wjpu4_oVRN8tTeXa,515.000 €,110 m² m²,"Attraktive 4,5-Zi. Wohnung mit Wintergarten, Gartenanteil & Tiefgarage  *provisionsfrei*",https://pictures.immobilienscout24.de/listings/3b69d215-945c-4f86-b19e-4be34e064bb5-1946881897.jpg/ORIG/resize/800x600>/format/webp/quality/20,NULL,"74081 Heilbronn, Sontheim (unvollständige Adresse)",https://www.immobilienscout24.de/expose/162147820,515000.0,110.0,4681.82,4.5,2016,NULL,Neuwertig,Gehoben,Erdgeschosswohnung,no information,74081,Heilbronn,NULL,Holz-Pelletheizung,Keine Angabe,NULL,36050.0,1,1,1,1,1,1,0.33,vor 13 Tagen,1,1,NULL
B_fux84oZORitRWndqHIt,1761155996883,132920536ffcba0e350f81bd14fa71e1e00b7e85c3ead763a4ab5545b4e69857,immoscout,Azq45Wjpu4_oVRN8tTeXa,320.000 €,92 m² m²,3-Zimmer Dachgeschosswohnung mit Loft-Flair in Heilbronn-Horkheim ohne Makler-Gebühr,https://pictures.immobilienscout24.de/listings/ff83e6fa-c5b5-4bb8-b3f7-5e6639ba517d-1950040027.jpg/ORIG/resize/800x600>/format/webp/quality/20,NULL,"Hohenloherstrasse 1, 74081 Heilbronn, Horkheim",https://www.immobilienscout24.de/expose/162131752,320000.0,92.0,3478.26,3.0,1985,NULL,Modernisiert,no_information,Dachgeschoss,Hohenloherstrasse,74081,Heilbronn,F,Zentralheizung,Gas,580.0,22400.0,1,0,1,1,0,0,0.43,vor 13 Tagen,0,1,NULL
wfhXbAjS0zfaK6VfvFJkN,1761155996883,8ad9be8a1e1036792a97aba8af53e07c31cf592dd5af1245bbc24e5932666ea8,immoscout,Azq45Wjpu4_oVRN8tTeXa,215.000 €,50 m² m²,"1,5-Zimmer-Wohnung mit Balkon, Küchenzeile & TG-STP - sofort frei -",https://pictures.immobilienscout24.de/listings/a5427f19-0f4a-4f86-a83b-af53365f2c0e-1946421725.jpeg/ORIG/resize/800x600>/format/webp/quality/20,NULL,"74074 Heilbronn, Heilbronner Kernstadt (unvollständige Adresse)",https://www.immobilienscout24.de/expose/162116289,215000.0,50.0,4300.0,1.5,1990,NULL,Gepflegt,Normal,Erdgeschosswohnung,no information,74074,Heilbronn,D,Zentralheizung,Gas,NULL,22726.0,1,0,1,0,0,0,0.42,vor 14 Tagen,0,1,NULL
XgG3SqBKqSz3-NRNhb1-G,1761155996883,614c276603c03b960a55a95851035bb494e92215b447777553d9a3f597954533,immoscout,Azq45Wjpu4_oVRN8tTeXa,623.000 €,161 m² m²,Exklusives Penthouse mit ELW in Bestlage - 3 Dachterrassen und traumhafter Ausblick in Heilbronn Ost,https://pictures.immobilienscout24.de/listings/32bc2eaf-ac3f-4b92-9a1b-16c6b98c9727-1945846808.jpg/ORIG/resize/800x600>/format/webp/quality/20,NULL,"74074 Heilbronn, Heilbronner Kernstadt (unvollständige Adresse)",https://www.immobilienscout24.de/expose/162076845,623000.0,161.0,3869.57,6.5,1991,2025,Modernisiert,Gehoben,Penthouse,no information,74074,Heilbronn,NULL,Ölheizung,Öl,NULL,43610.0,1,0,1,0,0,0,NULL,vor 16 Tagen,1,1,NULL
ajtO_4GSXTyflmJ2bq5TB,1761155996883,47f46570f1cad3170905ce5d04f0d3fa96cf8d229dcc4b28ebfe96d2beff6945,immoscout,Azq45Wjpu4_oVRN8tTeXa,1.190.000 €,190 m² m²,"PENTHOUSE-PERFEKTION: LAGE, LOOK, LEBENSQUALITÄT!",https://pictures.immobilienscout24.de/listings/e384d321-25b8-4003-ac5f-55b1e6425bf1-1944379030.jpg/ORIG/resize/800x600>/format/webp/quality/20,NULL,"74072 Heilbronn, Heilbronner Kernstadt (unvollständige Adresse)",https://www.immobilienscout24.de/expose/161969766,1190000.0,190.0,6263.16,4.0,2015,NULL,Neuwertig,Luxus,Penthouse,no information,74072,Heilbronn,A_PLUS,NULL,Strom,700.0,125783.0,1,1,1,1,1,1,NULL,vor 21 Tagen,0,1,NULL
9YQZsr4n6Mo-lubGXPBlm,1761155996883,90ff8289dffe211035db87e04a31fe749579fbe597834f84c0392a830429a323,immoscout,Azq45Wjpu4_oVRN8tTeXa,225.000 €,62 m² m²,"Behaglichkeit pur: Attraktive 2,5-Zi.-Whg. mit Balkon nähe Stadtpark",https://pictures.immobilienscout24.de/listings/f4248daf-aa48-4a82-8a72-84c91e05eb79-1944099113.jpg/ORIG/resize/800x600>/format/webp/quality/20,NULL,"74076 Heilbronn, Heilbronner Kernstadt (unvollständige Adresse)",https://www.immobilienscout24.de/expose/161952550,225000.0,62.0,3629.03,2.5,1990,NULL,Gepflegt,Normal,no_information,no information,74076,Heilbronn,C,Zentralheizung,Öl,NULL,23783.0,1,0,0,1,1,0,0.29,vor 22 Tagen,0,1,NULL
RrfuEW1aZO_HJ1E_CPBc8,1761155996884,c2034bbd04a3a4e7ec06c23519a17baee42c86ba86021669e0009f34a33b41ad,immoscout,Azq45Wjpu4_oVRN8tTeXa,980.000 €,150 m² m²,Exklusives Wohnerlebnis im Neckarbogen: Moderne 5-Zimmer-Maisonette mit Dachterrasse & Tiefgarage,https://pictures.immobilienscout24.de/listings/b98d6dc2-3376-43aa-95f8-973e0fd0358d-1944067552.jpg/ORIG/resize/800x600>/format/webp/quality/20,NULL,"74076 Heilbronn, Heilbronner Kernstadt (unvollständige Adresse)",https://www.immobilienscout24.de/expose/161949947,980000.0,150.0,6533.33,5.0,2019,2019,Neuwertig,Gehoben,Maisonette,no information,74076,Heilbronn,NULL,Fußbodenheizung,Fernwärme,600.0,103586.0,1,0,1,1,1,1,0.55,vor 22 Tagen,0,1,NULL
dCkn-IpToIH09GsTmBwmJ,1761155996884,5edb0e9e26f1bb359f22db77a206ec8f54ba8c00b143aa601867b69070b8c569,immoscout,Azq45Wjpu4_oVRN8tTeXa,420.000 €,86 m² m²,"PROVISIONSFREI: Stilvolle, modernisierte 2,5-Zimmer-Wohnung mit Balkon und EBK",https://pictures.immobilienscout24.de/listings/9ef5cb44-4d81-4eb3-822d-7871ad72526c-1941932058.jpg/ORIG/resize/800x600>/format/webp/quality/20,NULL,"Am Wollhaus 05, 74072 Heilbronn, Heilbronner Kernstadt",https://www.immobilienscout24.de/expose/161820329,420000.0,86.0,4883.72,2.5,NULL,NULL,Modernisiert,Gehoben,Etagenwohnung,Am Wollhaus,74072,Heilbronn,NULL,Etagenheizung,Keine Angabe,NULL,29400.0,1,0,1,0,0,0,0.55,vor 24 Tagen,1,1,NULL
5LoeWNrU7qicJhH4lFfrs,1761155996884,829b418e778bb1f682180e6fcdef5decdc5e532c57438670b85ef17b4556807c,immoscout,Azq45Wjpu4_oVRN8tTeXa,448.000 €,83 m² m²,"Stadtvilla am Lindenpark, im beliebten Osten von Heilbronn",https://pictures.immobilienscout24.de/listings/33919e28-05ed-4241-a650-b99de4be4c89-1941582376.jpg/ORIG/resize/800x600>/format/webp/quality/20,NULL,"Friedhofstraße 43, 74074 Heilbronn, Heilbronner Kernstadt",https://www.immobilienscout24.de/expose/161606659,448000.0,83.0,5397.59,3.0,1998,2025,Saniert,Gehoben,Etagenwohnung,Friedhofstraße,74074,Heilbronn,D,Gas-Heizung,Gas,317.0,31360.0,1,0,0,1,1,0,0.75,vor 25 Tagen,1,1,NULL
8R058Tf9HEdZddTR3zwC5,1761155996884,cd56d65e8eedefb9fbf65d2e71729406ee79ae633970c84d94072b0aaf153ba2,immoscout,Azq45Wjpu4_oVRN8tTeXa,90.000 €,25 m² m²,Ein-Zimmer-Appartement in HN- Böckingen zu verkaufen,https://pictures.immobilienscout24.de/listings/762d32bf-213f-4af7-ac84-f2cfe14e541a-1942651629.png/ORIG/resize/800x600>/format/webp/quality/20,NULL,"Keilstr. 8, 74080 Heilbronn, Böckingen",https://www.immobilienscout24.de/expose/161869649,90000.0,25.0,3600.0,1.0,NULL,2021,Saniert,Normal,Etagenwohnung,Keilstr.,74080,Heilbronn,NULL,Etagenheizung,Gas,145.0,6300.0,0,0,1,1,0,0,0.06,vor einem Monat,0,1,NULL
3YWV4s9Yn-w7cJc8gPxMR,1761155996884,fc3d8da30c44f6e9ab0d3a417b12788e1e4a40bc2efa9e65ef978ef92359326d,immoscout,Azq45Wjpu4_oVRN8tTeXa,Auf Anfrage,59 m² m²,Otthello - Wohnen am Theater Heilbronn,https://pictures.immobilienscout24.de/listings/f2e29e23-3d69-4acf-bb9c-ce488c41628b-1871314128.jpg/ORIG/resize/800x600>/format/webp/quality/20,NULL,"Allee 82, 74072 Heilbronn, Heilbronner Kernstadt",https://www.immobilienscout24.de/expose/132370196,NULL,59.0,NULL,2.0,2024,NULL,Erstbezug,Gehoben,Etagenwohnung,Allee,74072,Heilbronn,NULL,Fernwärme,Fernwärme,NULL,NULL,0,0,1,0,1,1,NULL,vor einem Monat,0,1,NULL
4WLLQXTf1X-yUdJa3J1ib,1761155996884,dd020354bf76d511f286002d3adfab32c3230d7f12d3fc80a25df948685aec33,immoscout,Azq45Wjpu4_oVRN8tTeXa,340.000 €,85 m² m²,Hochwertige 3-Zimmer Wohnung mit Balkon und Garage in Heilbronner Kernstadt,https://pictures.immobilienscout24.de/listings/950cd7e1-9be2-450f-b16f-34f09e8acdda-1941594375.jpg/ORIG/resize/800x600>/format/webp/quality/20,NULL,"Nordbergstraße 25, 74076 Heilbronn, Heilbronner Kernstadt",https://www.immobilienscout24.de/expose/161795510,340000.0,85.0,4000.0,3.0,2016,NULL,Gepflegt,no_information,Etagenwohnung,Nordbergstraße,74076,Heilbronn,NULL,Blockheizkraftwerk,Gas,NULL,37910.0,1,0,1,1,1,1,0.19,vor einem Monat,0,1,NULL
ZJCZra22v6lizAmYXX7Vw,1761155996884,c49d0e5b0bd1a2a90e316d2b64c9126cda9b7a463f2e155774d498443df90ee2,immoscout,Azq45Wjpu4_oVRN8tTeXa,158.000 €,37 m² m²,Helle Wohnung mit großem Balkon in Top-Lage,https://pictures.immobilienscout24.de/listings/a29946e4-3fb3-4752-b3d3-c3c8e50a6839-1941562568.jpeg/ORIG/resize/800x600>/format/webp/quality/20,NULL,"74074 Heilbronn, Heilbronner Kernstadt (unvollständige Adresse)",https://www.immobilienscout24.de/expose/161793138,158000.0,37.0,4270.27,1.0,1989,NULL,no_information,no_information,Etagenwohnung,no information,74074,Heilbronn,G,Zentralheizung,Gas,274.39,17641.0,1,1,0,1,1,0,0.35,vor einem Monat,0,1,NULL
LvW1NXtjO8WuughzcxpCS,1761155996884,33568baffdae65f938db7e97a02b94193caf46ab09bb4093053473de485742c1,immoscout,Azq45Wjpu4_oVRN8tTeXa,459.000 €,131 m² m²,6 Zimmer-EG-Wohnung ,https://pictures.immobilienscout24.de/listings/a571f3ac-40b2-4b5c-9bbd-90eca1e33dcf-1900579598.jpg/ORIG/resize/800x600>/format/webp/quality/20,NULL,"Solothurner Straße 2, 74072 Heilbronn, Heilbronner Kernstadt",https://www.immobilienscout24.de/expose/158834523,459000.0,131.0,3503.82,6.0,NULL,NULL,Gepflegt,Normal,Erdgeschosswohnung,Solothurner Straße,74072,Heilbronn,NULL,Etagenheizung,Gas,NULL,32130.0,0,1,0,1,0,0,0.16,vor einem Monat,1,1,NULL
rJ1Q81Sk_n0lo59ilCUrv,1761157806417,162352957,immoscout,Azq45Wjpu4_oVRN8tTeXa,385.000 €,120 m² m²,"4,5-Zimmer-Wohnung mit Loggia und Doppelgarage",https://pictures.immobilienscout24.de/listings/697ed6f2-1413-4c67-a128-31aa9ca8da83-1950120583.jpg/ORIG/resize/800x600>/format/webp/quality/20,NULL,"74081 Heilbronn, Sontheim (unvollständige Adresse)",https://www.immobilienscout24.de/expose/162352957,385000.0,120.0,3208.33,4.5,2011,NULL,no_information,no_information,Etagenwohnung,no information,74081,Heilbronn,E,Zentralheizung,Gas,140.0,42985.0,0,0,1,1,0,0,0.01,vor einem Tag,0,1,NULL
3uJ4l52z8mzSb8DeVapUO,1761157806417,162328133,immoscout,Azq45Wjpu4_oVRN8tTeXa,789.000 €,140 m² m²,Heilbronn Stadtbusbereich -cooler Bauplatz tolles Haus,https://pictures.immobilienscout24.de/listings/e77c0f87-9429-42b7-8828-13121c30d1f4-1949718682.jpg/ORIG/resize/800x600>/format/webp/quality/20,NULL,"74078 Heilbronn, Neckargartach (unvollständige Adresse)",https://www.immobilienscout24.de/expose/162328133,789000.0,140.0,5635.71,5.0,NULL,NULL,Erstbezug,Gehoben,no_information,no information,74078,Heilbronn,NULL,Wärmepumpe,NULL,NULL,92786.0,0,0,0,0,0,0,0.57,vor 2 Tagen,0,1,NULL
YWZb19aLrZIRPWHMtMSYO,1761157806417,162241083,immoscout,Azq45Wjpu4_oVRN8tTeXa,455.900 €,62 m² m²,Moderne 3-Zimmer-Wohnung mit Loggia und Balkon,https://pictures.immobilienscout24.de/listings/b52216b5-4e99-4a99-b750-f6a8f72fa724-1948389114.jpg/ORIG/resize/800x600>/format/webp/quality/20,NULL,"Frei-Otto-Straße 14, 74076 Heilbronn, Heilbronner Kernstadt",https://www.immobilienscout24.de/expose/162241083,455900.0,62.0,7353.23,3.0,2024,NULL,Erstbezug,Gehoben,Etagenwohnung,Frei-Otto-Straße,74076,Heilbronn,B,Fernwärme,Nahwärme,NULL,31913.0,1,0,0,1,1,0,0.58,vor 7 Tagen,0,1,NULL
-Hxe7ICdjmDs3DvjmLbd3,1761157806417,162238267,immoscout,Azq45Wjpu4_oVRN8tTeXa,439.000 €,128 m² m²,"Exklusive 3-Zimmer-Architektenwohnung mit zwei Balkonen, Kaminofen und moderner Einbauküche",https://pictures.immobilienscout24.de/listings/72097dbf-15ec-4c5c-a63e-3aa619e8155f-1948316349.jpg/ORIG/resize/800x600>/format/webp/quality/20,NULL,"74078 Heilbronn, Neckargartach (unvollständige Adresse)",https://www.immobilienscout24.de/expose/162238267,439000.0,128.0,3429.69,3.0,1993,2019,Gepflegt,no_information,Dachgeschoss,no information,74078,Heilbronn,D,Etagenheizung,Gas,NULL,46402.0,1,1,1,1,0,0,0.46,vor 7 Tagen,0,1,NULL
AvGUZpxVlneMcV2Yx36TV,1761157806417,132333774,immoscout,Azq45Wjpu4_oVRN8tTeXa,Auf Anfrage,64 m² m²,Otthello - Wohnen am Theater Heilbronn,https://pictures.immobilienscout24.de/listings/95fe3a7c-90f8-4f0a-a2bd-63d6eb48dee8-1871312102.jpg/ORIG/resize/800x600>/format/webp/quality/20,NULL,"Allee 82, 74072 Heilbronn, Heilbronner Kernstadt",https://www.immobilienscout24.de/expose/132333774,NULL,64.0,NULL,2.0,2024,NULL,Erstbezug,Gehoben,Etagenwohnung,Allee,74072,Heilbronn,NULL,Fernwärme,Fernwärme,NULL,NULL,0,0,1,0,1,1,NULL,vor 8 Tagen,0,1,NULL
jdw2L2QT-RntRMG_SaEdn,1761157806417,162161240,immoscout,Azq45Wjpu4_oVRN8tTeXa,425.000 €,90 m² m²,!! Eleganz trifft Stil und Komfort !!,https://pictures.immobilienscout24.de/listings/cbdac54f-4559-46db-8e7c-396eb0f9c965-1949383453.jpg/ORIG/resize/800x600>/format/webp/quality/20,NULL,"74074 Heilbronn, Heilbronner Kernstadt (unvollständige Adresse)",https://www.immobilienscout24.de/expose/162161240,425000.0,90.0,4722.22,3.5,2009,2024,Neuwertig,Gehoben,Etagenwohnung,no information,74074,Heilbronn,D,Fußbodenheizung,Gas,400.0,44923.0,1,0,1,1,1,1,0.25,vor 12 Tagen,0,1,NULL
T6xKWtLE2wmcBEQ0cXYrT,1761157806417,162147820,immoscout,Azq45Wjpu4_oVRN8tTeXa,515.000 €,110 m² m²,"Attraktive 4,5-Zi. Wohnung mit Wintergarten, Gartenanteil & Tiefgarage  *provisionsfrei*",https://pictures.immobilienscout24.de/listings/3b69d215-945c-4f86-b19e-4be34e064bb5-1946881897.jpg/ORIG/resize/800x600>/format/webp/quality/20,NULL,"74081 Heilbronn, Sontheim (unvollständige Adresse)",https://www.immobilienscout24.de/expose/162147820,515000.0,110.0,4681.82,4.5,2016,NULL,Neuwertig,Gehoben,Erdgeschosswohnung,no information,74081,Heilbronn,NULL,Holz-Pelletheizung,Keine Angabe,NULL,36050.0,1,1,1,1,1,1,0.33,vor 13 Tagen,1,1,NULL
36HpbJ26v3ytJiY0D4DPm,1761157806418,162131752,immoscout,Azq45Wjpu4_oVRN8tTeXa,320.000 €,92 m² m²,3-Zimmer Dachgeschosswohnung mit Loft-Flair in Heilbronn-Horkheim ohne Makler-Gebühr,https://pictures.immobilienscout24.de/listings/ff83e6fa-c5b5-4bb8-b3f7-5e6639ba517d-1950040027.jpg/ORIG/resize/800x600>/format/webp/quality/20,NULL,"Hohenloherstrasse 1, 74081 Heilbronn, Horkheim",https://www.immobilienscout24.de/expose/162131752,320000.0,92.0,3478.26,3.0,1985,NULL,Modernisiert,no_information,Dachgeschoss,Hohenloherstrasse,74081,Heilbronn,F,Zentralheizung,Gas,580.0,22400.0,1,0,1,1,0,0,0.43,vor 13 Tagen,0,1,NULL
v1ozswc1jr4oF8aOaA0w5,1761157806418,162116289,immoscout,Azq45Wjpu4_oVRN8tTeXa,215.000 €,50 m² m²,"1,5-Zimmer-Wohnung mit Balkon, Küchenzeile & TG-STP - sofort frei -",https://pictures.immobilienscout24.de/listings/a5427f19-0f4a-4f86-a83b-af53365f2c0e-1946421725.jpeg/ORIG/resize/800x600>/format/webp/quality/20,NULL,"74074 Heilbronn, Heilbronner Kernstadt (unvollständige Adresse)",https://www.immobilienscout24.de/expose/162116289,215000.0,50.0,4300.0,1.5,1990,NULL,Gepflegt,Normal,Erdgeschosswohnung,no information,74074,Heilbronn,D,Zentralheizung,Gas,NULL,22726.0,1,0,1,0,0,0,0.42,vor 14 Tagen,0,1,NULL
Oqr-Pgwb0KLanwA3VBzA0,1761157806418,162076845,immoscout,Azq45Wjpu4_oVRN8tTeXa,623.000 €,161 m² m²,Exklusives Penthouse mit ELW in Bestlage - 3 Dachterrassen und traumhafter Ausblick in Heilbronn Ost,https://pictures.immobilienscout24.de/listings/32bc2eaf-ac3f-4b92-9a1b-16c6b98c9727-1945846808.jpg/ORIG/resize/800x600>/format/webp/quality/20,NULL,"74074 Heilbronn, Heilbronner Kernstadt (unvollständige Adresse)",https://www.immobilienscout24.de/expose/162076845,623000.0,161.0,3869.57,6.5,1991,2025,Modernisiert,Gehoben,Penthouse,no information,74074,Heilbronn,NULL,Ölheizung,Öl,NULL,43610.0,1,0,1,0,0,0,NULL,vor 16 Tagen,1,1,NULL
yzYCpNCWoMbt4uBPxIuK4,1761157806418,161969766,immoscout,Azq45Wjpu4_oVRN8tTeXa,1.190.000 €,190 m² m²,"PENTHOUSE-PERFEKTION: LAGE, LOOK, LEBENSQUALITÄT!",https://pictures.immobilienscout24.de/listings/e384d321-25b8-4003-ac5f-55b1e6425bf1-1944379030.jpg/ORIG/resize/800x600>/format/webp/quality/20,NULL,"74072 Heilbronn, Heilbronner Kernstadt (unvollständige Adresse)",https://www.immobilienscout24.de/expose/161969766,1190000.0,190.0,6263.16,4.0,2015,NULL,Neuwertig,Luxus,Penthouse,no information,74072,Heilbronn,A_PLUS,NULL,Strom,700.0,125783.0,1,1,1,1,1,1,NULL,vor 21 Tagen,0,1,NULL
nmM-FKnel1-sZUcWZ9-QK,1761157806418,161952550,immoscout,Azq45Wjpu4_oVRN8tTeXa,225.000 €,62 m² m²,"Behaglichkeit pur: Attraktive 2,5-Zi.-Whg. mit Balkon nähe Stadtpark",https://pictures.immobilienscout24.de/listings/f4248daf-aa48-4a82-8a72-84c91e05eb79-1944099113.jpg/ORIG/resize/800x600>/format/webp/quality/20,NULL,"74076 Heilbronn, Heilbronner Kernstadt (unvollständige Adresse)",https://www.immobilienscout24.de/expose/161952550,225000.0,62.0,3629.03,2.5,1990,NULL,Gepflegt,Normal,no_information,no information,74076,Heilbronn,C,Zentralheizung,Öl,NULL,23783.0,1,0,0,1,1,0,0.29,vor 22 Tagen,0,1,NULL
qDtFvgdSobT_TcSUqnJJu,1761157806418,161949947,immoscout,Azq45Wjpu4_oVRN8tTeXa,980.000 €,150 m² m²,Exklusives Wohnerlebnis im Neckarbogen: Moderne 5-Zimmer-Maisonette mit Dachterrasse & Tiefgarage,https://pictures.immobilienscout24.de/listings/b98d6dc2-3376-43aa-95f8-973e0fd0358d-1944067552.jpg/ORIG/resize/800x600>/format/webp/quality/20,NULL,"74076 Heilbronn, Heilbronner Kernstadt (unvollständige Adresse)",https://www.immobilienscout24.de/expose/161949947,980000.0,150.0,6533.33,5.0,2019,2019,Neuwertig,Gehoben,Maisonette,no information,74076,Heilbronn,NULL,Fußbodenheizung,Fernwärme,600.0,103586.0,1,0,1,1,1,1,0.55,vor 22 Tagen,0,1,NULL
qDXaT534eLzPLH8LXm9jy,1761157806418,161820329,immoscout,Azq45Wjpu4_oVRN8tTeXa,420.000 €,86 m² m²,"PROVISIONSFREI: Stilvolle, modernisierte 2,5-Zimmer-Wohnung mit Balkon und EBK",https://pictures.immobilienscout24.de/listings/9ef5cb44-4d81-4eb3-822d-7871ad72526c-1941932058.jpg/ORIG/resize/800x600>/format/webp/quality/20,NULL,"Am Wollhaus 05, 74072 Heilbronn, Heilbronner Kernstadt",https://www.immobilienscout24.de/expose/161820329,420000.0,86.0,4883.72,2.5,NULL,NULL,Modernisiert,Gehoben,Etagenwohnung,Am Wollhaus,74072,Heilbronn,NULL,Etagenheizung,Keine Angabe,NULL,29400.0,1,0,1,0,0,0,0.55,vor 24 Tagen,1,1,NULL
iaWB8Rval63noQigGwylO,1761157806418,161606659,immoscout,Azq45Wjpu4_oVRN8tTeXa,448.000 €,83 m² m²,"Stadtvilla am Lindenpark, im beliebten Osten von Heilbronn",https://pictures.immobilienscout24.de/listings/33919e28-05ed-4241-a650-b99de4be4c89-1941582376.jpg/ORIG/resize/800x600>/format/webp/quality/20,NULL,"Friedhofstraße 43, 74074 Heilbronn, Heilbronner Kernstadt",https://www.immobilienscout24.de/expose/161606659,448000.0,83.0,5397.59,3.0,1998,2025,Saniert,Gehoben,Etagenwohnung,Friedhofstraße,74074,Heilbronn,D,Gas-Heizung,Gas,317.0,31360.0,1,0,0,1,1,0,0.75,vor 25 Tagen,1,1,NULL
k0gYHqVklZnxwYQtTckp1,1761157806418,161869649,immoscout,Azq45Wjpu4_oVRN8tTeXa,90.000 €,25 m² m²,Ein-Zimmer-Appartement in HN- Böckingen zu verkaufen,https://pictures.immobilienscout24.de/listings/762d32bf-213f-4af7-ac84-f2cfe14e541a-1942651629.png/ORIG/resize/800x600>/format/webp/quality/20,NULL,"Keilstr. 8, 74080 Heilbronn, Böckingen",https://www.immobilienscout24.de/expose/161869649,90000.0,25.0,3600.0,1.0,NULL,2021,Saniert,Normal,Etagenwohnung,Keilstr.,74080,Heilbronn,NULL,Etagenheizung,Gas,145.0,6300.0,0,0,1,1,0,0,0.06,vor einem Monat,0,1,NULL
QeFk_sRPq1_Zh4IptTECp,1761157806418,132370196,immoscout,Azq45Wjpu4_oVRN8tTeXa,Auf Anfrage,59 m² m²,Otthello - Wohnen am Theater Heilbronn,https://pictures.immobilienscout24.de/listings/f2e29e23-3d69-4acf-bb9c-ce488c41628b-1871314128.jpg/ORIG/resize/800x600>/format/webp/quality/20,NULL,"Allee 82, 74072 Heilbronn, Heilbronner Kernstadt",https://www.immobilienscout24.de/expose/132370196,NULL,59.0,NULL,2.0,2024,NULL,Erstbezug,Gehoben,Etagenwohnung,Allee,74072,Heilbronn,NULL,Fernwärme,Fernwärme,NULL,NULL,0,0,1,0,1,1,NULL,vor einem Monat,0,1,NULL
KjWKOmrkBIGG_I3QygFJP,1761157806418,161795510,immoscout,Azq45Wjpu4_oVRN8tTeXa,340.000 €,85 m² m²,Hochwertige 3-Zimmer Wohnung mit Balkon und Garage in Heilbronner Kernstadt,https://pictures.immobilienscout24.de/listings/950cd7e1-9be2-450f-b16f-34f09e8acdda-1941594375.jpg/ORIG/resize/800x600>/format/webp/quality/20,NULL,"Nordbergstraße 25, 74076 Heilbronn, Heilbronner Kernstadt",https://www.immobilienscout24.de/expose/161795510,340000.0,85.0,4000.0,3.0,2016,NULL,Gepflegt,no_information,Etagenwohnung,Nordbergstraße,74076,Heilbronn,NULL,Blockheizkraftwerk,Gas,NULL,37910.0,1,0,1,1,1,1,0.19,vor einem Monat,0,1,NULL
s2OFxgDYU61boXUdTuweD,1761157806418,161793138,immoscout,Azq45Wjpu4_oVRN8tTeXa,158.000 €,37 m² m²,Helle Wohnung mit großem Balkon in Top-Lage,https://pictures.immobilienscout24.de/listings/a29946e4-3fb3-4752-b3d3-c3c8e50a6839-1941562568.jpeg/ORIG/resize/800x600>/format/webp/quality/20,NULL,"74074 Heilbronn, Heilbronner Kernstadt (unvollständige Adresse)",https://www.immobilienscout24.de/expose/161793138,158000.0,37.0,4270.27,1.0,1989,NULL,no_information,no_information,Etagenwohnung,no information,74074,Heilbronn,G,Zentralheizung,Gas,274.39,17641.0,1,1,0,1,1,0,0.35,vor einem Monat,0,1,NULL
8motFOLg1_D_1GqFqnMzE,1761157806418,158834523,immoscout,Azq45Wjpu4_oVRN8tTeXa,459.000 €,131 m² m²,6 Zimmer-EG-Wohnung ,https://pictures.immobilienscout24.de/listings/a571f3ac-40b2-4b5c-9bbd-90eca1e33dcf-1900579598.jpg/ORIG/resize/800x600>/format/webp/quality/20,NULL,"Solothurner Straße 2, 74072 Heilbronn, Heilbronner Kernstadt",https://www.immobilienscout24.de/expose/158834523,459000.0,131.0,3503.82,6.0,NULL,NULL,Gepflegt,Normal,Erdgeschosswohnung,Solothurner Straße,74072,Heilbronn,NULL,Etagenheizung,Gas,NULL,32130.0,0,1,0,1,0,0,0.16,vor einem Monat,1,1,NULL
H6GARKCX8800fDRBQZSKr,1761160953311,"Anzeigen-ID
            3223062610",kleinanzeigen,b7iyFUeexgrafm2lYJaFp,235.000 € VB,72 m²,Attraktive Dachgeschoss-Wohnung mit Terrasse und Top-Lage in Neckarsulm,NULL,NULL,74172 Baden-Württemberg - Neckarsulm74172 Baden-Württemberg - Neckarsulm,https://www.kleinanzeigen.de/s-anzeige/attraktive-dachgeschoss-wohnung-mit-terrasse-und-top-lage-in-neckarsulm/3223062610-196-8242,NULL,72.0,NULL,3.0,1985,NULL,NULL,NULL,Dachgeschosswohnung,NULL,NULL,NULL,NULL,NULL,NULL,300.0,NULL,1,0,1,0,0,0,NULL,21.10.2025,0,1,NULL
FOUUHuV9lonpgJxTjPfTz,1761160953312,"Anzeigen-ID
            3222664105",kleinanzeigen,b7iyFUeexgrafm2lYJaFp,189.000 €,55 m²,Charmante 2-Zimmer-Wohnung in Weinsberg – ideal für Kapitalanleger oder Eigennutzer,NULL,NULL,74189 Baden-Württemberg - Weinsberg74189 Baden-Württemberg - Weinsberg,https://www.kleinanzeigen.de/s-anzeige/charmante-2-zimmer-wohnung-in-weinsberg-ideal-fuer-kapitalanleger-oder-eigennutzer/3222664105-196-9242,189000.0,55.0,3436.36,2.0,1993,NULL,NULL,NULL,Etagenwohnung,NULL,NULL,NULL,NULL,NULL,NULL,166.0,NULL,1,0,1,1,0,0,NULL,20.10.2025,0,1,NULL
Fl12UbMP8F9vg73Cnu4O7,1761160953312,"Anzeigen-ID
            3147003970",kleinanzeigen,b7iyFUeexgrafm2lYJaFp,480.000 €,101 m²,Außergewöhnliche Maisonettewohnung in Heilbronn Ost,NULL,NULL,74074 Baden-Württemberg - Heilbronn74074 Baden-Württemberg - Heilbronn,https://www.kleinanzeigen.de/s-anzeige/aussergewoehnliche-maisonettewohnung-in-heilbronn-ost/3147003970-196-9241,480000.0,101.0,4752.48,3.0,2005,NULL,NULL,NULL,Maisonette,NULL,NULL,NULL,NULL,NULL,NULL,351.0,NULL,1,0,1,1,1,0,NULL,20.10.2025,0,1,NULL
xk2wWwQ62Mgf0o8eFbnqX,1761160953312,"Anzeigen-ID
            3196007231",kleinanzeigen,b7iyFUeexgrafm2lYJaFp,158.000 €,37 m²,Helle Wohnung mit großem Balkon in Top-Lage,NULL,NULL,74074 Baden-Württemberg - Heilbronn74074 Baden-Württemberg - Heilbronn,https://www.kleinanzeigen.de/s-anzeige/helle-wohnung-mit-grossem-balkon-in-top-lage/3196007231-196-9241,158000.0,37.0,4270.27,1.0,1989,NULL,NULL,NULL,Erdgeschosswohnung,NULL,NULL,NULL,NULL,NULL,NULL,275.0,NULL,1,0,0,1,1,0,NULL,20.10.2025,0,1,NULL
aZN60WVfM4sbOTdV-WCO9,1761160953312,"Anzeigen-ID
            3166128714",kleinanzeigen,b7iyFUeexgrafm2lYJaFp,311.000 €,90 m²,"Neckarsulm, Betreutes Wohnen 3Zi mit Balkon, TG, renoviert, frei",NULL,NULL,74172 Baden-Württemberg - Neckarsulm74172 Baden-Württemberg - Neckarsulm,https://www.kleinanzeigen.de/s-anzeige/neckarsulm-betreutes-wohnen-3zi-mit-balkon-tg-renoviert-frei/3166128714-196-8242,311000.0,90.0,3455.56,3.0,1995,NULL,NULL,NULL,Etagenwohnung,NULL,NULL,NULL,NULL,NULL,NULL,310.0,NULL,1,0,1,1,1,0,NULL,19.10.2025,0,1,NULL
WepBMGnGCRNhkeRiCncas,1761160953312,"Anzeigen-ID
            2900762833",kleinanzeigen,b7iyFUeexgrafm2lYJaFp,225.000 €,62 m²,"Behaglichkeit pur: Attraktive 2,5-Zi.-Whg. mit Balkon nähe Stadtpark",NULL,NULL,74076 Baden-Württemberg - Heilbronn74076 Baden-Württemberg - Heilbronn,https://www.kleinanzeigen.de/s-anzeige/behaglichkeit-pur-attraktive-2-5-zi-whg-mit-balkon-naehe-stadtpark/2900762833-196-9240,225000.0,62.0,3629.03,2.5,1990,NULL,NULL,NULL,Etagenwohnung,NULL,NULL,NULL,NULL,NULL,NULL,NULL,NULL,1,0,0,1,1,0,NULL,18.10.2025,0,1,NULL
LWDQTPqDL8AeuNWmndrOB,1761160953312,"Anzeigen-ID
            3218848933",kleinanzeigen,b7iyFUeexgrafm2lYJaFp,269.000 € VB,61 m²,Maisonette Wohnung in Neckarsulm,NULL,NULL,74189 Baden-Württemberg - Weinsberg74189 Baden-Württemberg - Weinsberg,https://www.kleinanzeigen.de/s-anzeige/maisonette-wohnung-in-neckarsulm/3218848933-196-9242,NULL,61.0,NULL,2.5,1992,NULL,NULL,NULL,Maisonette,NULL,NULL,NULL,NULL,NULL,NULL,290.0,NULL,1,0,1,1,0,0,NULL,17.10.2025,0,1,NULL
JFDuzkuljDq8KzJBkhynV,1761160953312,"Anzeigen-ID
            3138716695",kleinanzeigen,b7iyFUeexgrafm2lYJaFp,169.000 €,57 m²,"*Geheimtipp* 2 Zimmer-Wohnung, hochwertig und diskret!",NULL,NULL,74336 Baden-Württemberg - Brackenheim74336 Baden-Württemberg - Brackenheim,https://www.kleinanzeigen.de/s-anzeige/-geheimtipp-2-zimmer-wohnung-hochwertig-und-diskret-/3138716695-196-8780,169000.0,57.0,2964.91,2.0,1996,NULL,NULL,NULL,Etagenwohnung,NULL,NULL,NULL,NULL,NULL,NULL,NULL,NULL,1,0,0,0,0,0,NULL,16.10.2025,0,1,NULL
6HWu6bpVQu8QCxNRvxYul,1761160953312,"Anzeigen-ID
            2819815646",kleinanzeigen,b7iyFUeexgrafm2lYJaFp,279.800 €,"54,49 m²","2,5-Zimmer-Wohnung - Architektur-Highlight AUREO mit KfW 40 - Aktion: Kaufpreiszahlung erst mit Bezugsfertigkeit",NULL,NULL,74072 Baden-Württemberg - Heilbronn74072 Baden-Württemberg - Heilbronn,https://www.kleinanzeigen.de/s-anzeige/2-5-zimmer-wohnung-architektur-highlight-aureo-mit-kfw-40-aktion-kaufpreiszahlung-erst-mit-bezugsfertigkeit/2819815646-196-9245,279800.0,54.49,5134.89,2.0,2025,NULL,NULL,NULL,Etagenwohnung,NULL,NULL,NULL,NULL,NULL,NULL,NULL,NULL,1,0,0,1,1,1,NULL,15.10.2025,0,1,NULL
4OkTse9lzxUPSiUfLzAHX,1761160953312,"Anzeigen-ID
            2866866217",kleinanzeigen,b7iyFUeexgrafm2lYJaFp,245.900 €,45 m²,"Perfekt für Singles, Paare oder Kapitalanlage - wunderschöne 2-Zimmerwohnung in Feldrandlage",NULL,NULL,74211 Baden-Württemberg - Leingarten74211 Baden-Württemberg - Leingarten,https://www.kleinanzeigen.de/s-anzeige/perfekt-fuer-singles-paare-oder-kapitalanlage-wunderschoene-2-zimmerwohnung-in-feldrandlage/2866866217-196-9230,245900.0,45.0,5464.44,2.0,2015,NULL,NULL,NULL,Andere Wohnungstypen,NULL,NULL,NULL,NULL,NULL,NULL,NULL,NULL,1,0,0,1,1,1,NULL,15.10.2025,0,1,NULL
L9yNqsBNbg6bvthaVUEW_,1761160953312,"Anzeigen-ID
            3217450049",kleinanzeigen,b7iyFUeexgrafm2lYJaFp,279.000 €,61 m²,"Helle freundliche 2,5 Zimmer Maisonettewohnung im Herzen von Neckarsulm",NULL,NULL,74172 Baden-Württemberg - Neckarsulm74172 Baden-Württemberg - Neckarsulm,https://www.kleinanzeigen.de/s-anzeige/helle-freundliche-2-5-zimmer-maisonettewohnung-im-herzen-von-neckarsulm/3217450049-196-8242,279000.0,61.0,4573.77,2.5,1992,NULL,NULL,NULL,Maisonette,NULL,NULL,NULL,NULL,NULL,NULL,290.0,NULL,1,0,0,1,0,0,NULL,15.10.2025,0,1,NULL
5KqrAOrrdaK4mNcPIyT3N,1761160953312,"Anzeigen-ID
            3217135303",kleinanzeigen,b7iyFUeexgrafm2lYJaFp,439.000 €,128 m²,"Exklusive 3-Zimmer-Architektenwohnung mit zwei Balkonen, Kaminofen und moderner Einbauküche",NULL,NULL,74078 Heilbronn - Neckargartach74078 Heilbronn - Neckargartach,https://www.kleinanzeigen.de/s-anzeige/exklusive-3-zimmer-architektenwohnung-mit-zwei-balkonen-kaminofen-und-moderner-einbaukueche/3217135303-196-29858,439000.0,128.0,3429.69,3.0,1993,NULL,NULL,NULL,Dachgeschosswohnung,NULL,NULL,NULL,NULL,NULL,NULL,NULL,NULL,1,0,1,1,0,0,NULL,15.10.2025,0,1,NULL
x7aXUcZ_AWjIf4gLDa8Si,1761160953312,"Anzeigen-ID
            3107443806",kleinanzeigen,b7iyFUeexgrafm2lYJaFp,229.000 €,77 m²,Modernes Wohnen über drei Etagen – wie ein eigenes Haus!,NULL,NULL,74080 Baden-Württemberg - Heilbronn74080 Baden-Württemberg - Heilbronn,https://www.kleinanzeigen.de/s-anzeige/modernes-wohnen-ueber-drei-etagen-wie-ein-eigenes-haus-/3107443806-196-9247,229000.0,77.0,2974.03,2.5,1990,NULL,NULL,NULL,Maisonette,NULL,NULL,NULL,NULL,NULL,NULL,164.0,NULL,1,0,0,1,0,0,NULL,14.10.2025,0,1,NULL
Xf6bSUoJgES_I7JxgCp7F,1761160953312,"Anzeigen-ID
            3164705922",kleinanzeigen,b7iyFUeexgrafm2lYJaFp,249.000 €,72 m²,Perfekt für Paare & Familien: 3-Zimmer-Wohnung in Heilbronn-Biberach,NULL,NULL,74078 Heilbronn - Biberach74078 Heilbronn - Biberach,https://www.kleinanzeigen.de/s-anzeige/perfekt-fuer-paare-familien-3-zimmer-wohnung-in-heilbronn-biberach/3164705922-196-29852,249000.0,72.0,3458.33,3.0,2000,NULL,NULL,NULL,Erdgeschosswohnung,NULL,NULL,NULL,NULL,NULL,NULL,295.0,NULL,1,0,1,1,0,0,NULL,13.10.2025,0,1,NULL
ygH4WUkbaOE_vVJpwwpNb,1761160953312,"Anzeigen-ID
            2974627908",kleinanzeigen,b7iyFUeexgrafm2lYJaFp,329.000 €,85 m²,Exklusives Wohnen in moderner Umgebung – Ihre Chance auf eine hochwertige Wohnung,NULL,NULL,74076 Baden-Württemberg - Heilbronn74076 Baden-Württemberg - Heilbronn,https://www.kleinanzeigen.de/s-anzeige/exklusives-wohnen-in-moderner-umgebung-ihre-chance-auf-eine-hochwertige-wohnung/2974627908-196-9240,329000.0,85.0,3870.59,2.0,2016,NULL,NULL,NULL,Etagenwohnung,NULL,NULL,NULL,NULL,NULL,NULL,NULL,NULL,1,0,1,1,1,1,NULL,10.10.2025,0,1,NULL
Uxj-4d1v374pLuWoZs4Pd,1761160953312,"Anzeigen-ID
            3211513565",kleinanzeigen,b7iyFUeexgrafm2lYJaFp,320.000 €,92 m²,3-Zimmer Dachgeschosswohnung mit Loft-Flair in Heilbronn-Horkheim ohne Makler-Gebühr,NULL,NULL,74081 Baden-Württemberg - Heilbronn74081 Baden-Württemberg - Heilbronn,https://www.kleinanzeigen.de/s-anzeige/3-zimmer-dachgeschosswohnung-mit-loft-flair-in-heilbronn-horkheim-ohne-makler-gebuehr/3211513565-196-9246,320000.0,92.0,3478.26,3.0,1985,NULL,NULL,NULL,Dachgeschosswohnung,NULL,NULL,NULL,NULL,NULL,NULL,580.0,NULL,1,0,1,1,0,0,NULL,09.10.2025,0,1,NULL
LiVZSWj7zNbVWPSPPSa8e,1761160953312,"Anzeigen-ID
            2920020670",kleinanzeigen,b7iyFUeexgrafm2lYJaFp,352.500 €,67 m²,"Exklusives Neubau-Wohnerlebnis in Brackenheim  3,5-Zimmer-Wohnung mit Balkon und Garage",NULL,NULL,74336 Baden-Württemberg - Brackenheim74336 Baden-Württemberg - Brackenheim,https://www.kleinanzeigen.de/s-anzeige/exklusives-neubau-wohnerlebnis-in-brackenheim-3-5-zimmer-wohnung-mit-balkon-und-garage/2920020670-196-8780,352500.0,67.0,5261.19,3.0,2025,NULL,NULL,NULL,Etagenwohnung,NULL,NULL,NULL,NULL,NULL,NULL,NULL,NULL,1,0,0,1,1,0,NULL,08.10.2025,0,1,NULL
b7--6kqI3XeGLs5GOS79g,1761160953312,"Anzeigen-ID
            3210220878",kleinanzeigen,b7iyFUeexgrafm2lYJaFp,269.000 € VB,61 m²,Maisonette Wohnung,NULL,NULL,74172 Baden-Württemberg - Neckarsulm74172 Baden-Württemberg - Neckarsulm,https://www.kleinanzeigen.de/s-anzeige/maisonette-wohnung/3210220878-196-8242,NULL,61.0,NULL,2.5,1992,NULL,NULL,NULL,Maisonette,NULL,NULL,NULL,NULL,NULL,NULL,290.0,NULL,1,0,1,1,0,0,NULL,07.10.2025,0,1,NULL
ezpqY_EFmoAdyxVZlbc8q,1761160953312,"Anzeigen-ID
            3209265623",kleinanzeigen,b7iyFUeexgrafm2lYJaFp,270.000 € VB,74 m²,"Helle Maisonette mit Dachterrasse, ruhige Lage – 3 Zimmer, 74 m²",NULL,NULL,74078 Heilbronn - Neckargartach74078 Heilbronn - Neckargartach,https://www.kleinanzeigen.de/s-anzeige/helle-maisonette-mit-dachterrasse-ruhige-lage-3-zimmer-74-m-/3209265623-196-29858,NULL,74.0,NULL,3.0,1995,NULL,NULL,NULL,Maisonette,NULL,NULL,NULL,NULL,NULL,NULL,360.0,NULL,1,0,1,1,0,0,NULL,06.10.2025,0,1,NULL
FpzRvLcWu_ufR6iBcM60f,1761160953312,"Anzeigen-ID
            3206566325",kleinanzeigen,b7iyFUeexgrafm2lYJaFp,369.500 €,67 m²,"Exklusives Neubau-Wohnerlebnis in Brackenheim  3,5-Zimmer-Wohnung mit Balkon und Garage",NULL,NULL,74336 Baden-Württemberg - Brackenheim74336 Baden-Württemberg - Brackenheim,https://www.kleinanzeigen.de/s-anzeige/exklusives-neubau-wohnerlebnis-in-brackenheim-3-5-zimmer-wohnung-mit-balkon-und-garage/3206566325-196-8780,369500.0,67.0,5514.93,3.0,2025,NULL,NULL,NULL,Etagenwohnung,NULL,NULL,NULL,NULL,NULL,NULL,250.0,NULL,1,0,0,1,1,0,NULL,04.10.2025,0,1,NULL
fZcuQXEv_HtT6DwfmnCCw,1761160953312,"Anzeigen-ID
            3206565179",kleinanzeigen,b7iyFUeexgrafm2lYJaFp,359.500 €,67 m²,"Exklusives Neubau-Wohnerlebnis in Brackenheim  3,5-Zimmer-Wohnung mit Balkon und Kfz Stellplatz",NULL,NULL,74336 Baden-Württemberg - Brackenheim74336 Baden-Württemberg - Brackenheim,https://www.kleinanzeigen.de/s-anzeige/exklusives-neubau-wohnerlebnis-in-brackenheim-3-5-zimmer-wohnung-mit-balkon-und-kfz-stellplatz/3206565179-196-8780,359500.0,67.0,5365.67,3.0,2025,NULL,NULL,NULL,Etagenwohnung,NULL,NULL,NULL,NULL,NULL,NULL,NULL,NULL,1,0,0,1,1,0,NULL,04.10.2025,0,1,NULL
P53lYKbfgIXAToAWluvIo,1761160953312,"Anzeigen-ID
            3176880129",kleinanzeigen,b7iyFUeexgrafm2lYJaFp,297.000 €,75 m²,"AUSSICHT - Lichtdurchflutete 3,5-Zimmer-Dachgeschosswohnung mit Balkon in Neckarsulm-Neuberg",NULL,NULL,74172 Baden-Württemberg - Neckarsulm74172 Baden-Württemberg - Neckarsulm,https://www.kleinanzeigen.de/s-anzeige/aussicht-lichtdurchflutete-3-5-zimmer-dachgeschosswohnung-mit-balkon-in-neckarsulm-neuberg/3176880129-196-8242,297000.0,75.0,3960.0,3.0,1993,NULL,NULL,NULL,Dachgeschosswohnung,NULL,NULL,NULL,NULL,NULL,NULL,350.0,NULL,1,0,0,1,0,0,NULL,01.10.2025,0,1,NULL
Omqg1NKk9Xwb4ANCRgysI,1761160953312,"Anzeigen-ID
            3202891644",kleinanzeigen,b7iyFUeexgrafm2lYJaFp,345.000 €,81 m²,3 Zimmer in ausgesuchter Lage - FALC Immobilien Heilbronn,NULL,NULL,74189 Baden-Württemberg - Weinsberg74189 Baden-Württemberg - Weinsberg,https://www.kleinanzeigen.de/s-anzeige/3-zimmer-in-ausgesuchter-lage-falc-immobilien-heilbronn/3202891644-196-9242,345000.0,81.0,4259.26,3.0,1999,NULL,NULL,NULL,Erdgeschosswohnung,NULL,NULL,NULL,NULL,NULL,NULL,NULL,NULL,1,0,0,1,0,1,NULL,30.09.2025,0,1,NULL
NCo_iP22qsKiUlKeUqxGc,1761160953313,"Anzeigen-ID
            3123739693",kleinanzeigen,b7iyFUeexgrafm2lYJaFp,289.000 €,"78,25 m²",Behaglichkeit pur: 3-Zi.-Whg. in ruhiger Lage von Bad Wimpfen,NULL,NULL,74206 Baden-Württemberg - Bad Wimpfen74206 Baden-Württemberg - Bad Wimpfen,https://www.kleinanzeigen.de/s-anzeige/behaglichkeit-pur-3-zi-whg-in-ruhiger-lage-von-bad-wimpfen/3123739693-196-8659,289000.0,78.25,3693.29,3.0,1993,NULL,NULL,NULL,Etagenwohnung,NULL,NULL,NULL,NULL,NULL,NULL,NULL,NULL,1,0,1,0,1,1,NULL,28.09.2025,0,1,NULL
Yl-Wk0GBsTiNlfmRVVfPZ,1761160953313,"Anzeigen-ID
            3174382929",kleinanzeigen,b7iyFUeexgrafm2lYJaFp,174.000 €,44 m²,"Gut geschnittene Zweizimmerwohnung mit Loggia, Stellplatz und grüner Aussicht",NULL,NULL,74172 Baden-Württemberg - Neckarsulm74172 Baden-Württemberg - Neckarsulm,https://www.kleinanzeigen.de/s-anzeige/gut-geschnittene-zweizimmerwohnung-mit-loggia-stellplatz-und-gruener-aussicht/3174382929-196-8242,174000.0,44.0,3954.55,2.0,2001,NULL,NULL,NULL,Etagenwohnung,NULL,NULL,NULL,NULL,NULL,NULL,NULL,NULL,1,0,1,1,1,0,NULL,28.09.2025,0,1,NULL
